height,gender
168.47699907107864,Female
164.0321498918017,Female
169.53381976670485,Female
175.66120899485617,Female
163.36092637693665,Female
163.36104130135573,Female
176.05448970855173,Female
170.37204310407037,Female
161.71367929845533,Female
168.79792030510174,Female
161.75607615031277,Female
161.7398917250082,Female
166.69373590096225,Female
151.60703828739543,Female
152.92557517240877,Female
161.06398729531318,Female
157.91018215765902,Female
167.1997313281669,Female
158.64383147135152,Female
155.11387409065296,Female
175.2595413824509,Female
163.41956589659426,Female
165.47269743281547,Female
155.0267626965058,Female
161.18932092832372,Female
165.77645812796905,Female
156.94304495804388,Female
167.6298861284197,Female
160.79552917056836,Female
162.95814375144707,Female
160.7880537143942,Female
177.96594729156257,Female
164.90551942683447,Female
157.5960234973087,Female
170.75781438472234,Female
156.45409445020283,Female
166.4620451650333,Female
151.28230913284156,Female
155.70269765771098,Female
166.37802865108387,Female
170.16926605996787,Female
166.1995779683298,Female
164.19046202328232,Female
162.89227413087497,Female
154.65034606742802,Female
159.96109054123704,Female
161.7755286032815,Female
172.3998555835324,Female
167.40532802697922,Female
152.65871891246087,Female
167.26858778576357,Female
162.3044240370858,Female
160.2615459978583,Female
169.28173402188608,Female
172.21699665747167,Female
171.5189608338134,Female
159.12547733744154,Female
162.8355133690415,Female
167.31884401982495,Female
171.82881588985651,Female
161.64578033508297,Female
163.70038716335327,Female
157.2556551819578,Female
156.6265536314353,Female
170.6876807567594,Female
174.49368019999577,Female
164.49592914893768,Female
172.02473028524417,Female
167.53145217533344,Female
160.48416171776412,Female
167.52976923855888,Female
175.7662559652618,Female
164.74921772623034,Female
175.95250559069805,Female
146.6617842713718,Female
170.75331753062656,Female
165.6093294776672,Female
162.90694854673893,Female
165.64232543574852,Female
151.08701759779376,Female
163.46229678513743,Female
167.4997880005822,Female
175.3452583131906,Female
161.37210847208448,Female
159.3405447797477,Female
161.48770069490826,Female
171.40781482391452,Female
167.30125776761778,Female
161.29167857363072,Female
168.5928720317935,Female
165.6795428454363,Female
171.78051493373022,Female
160.08562834285854,Female
162.70636497381562,Female
162.2552429280749,Female
154.75539536307517,Female
167.07284193945202,Female
166.82738690525923,Female
165.03579419649722,Female
163.35789006637398,Female
155.0924048056471,Female
162.05548274064247,Female
162.60099838431262,Female
159.38405911544868,Female
163.87100001833792,Female
167.82835599770178,Female
178.20330130847373,Female
166.22204468982287,Female
166.80285273505936,Female
164.47887858963682,Female
151.5686014929067,Female
164.8144028718555,Female
165.4216114695872,Female
182.242694787397,Female
163.65347324653214,Female
167.1108313963353,Female
164.7570176120633,Female
156.81925373666328,Female
172.99975970160514,Female
170.2635312288074,Female
170.53722362930134,Female
158.63428781643682,Female
174.8195601765527,Female
155.18704256045405,Female
169.1079996566019,Female
180.33318938066986,Female
158.06624572408518,Female
161.0359158927806,Female
165.69755955561348,Female
161.4756704211866,Female
154.14535598253707,Female
165.47994082364218,Female
157.56387400391728,Female
168.31514701444627,Female
158.56403036036338,Female
175.84954083512278,Female
159.51722695364634,Female
162.74556938656028,Female
170.6946205215877,Female
156.3839497849623,Female
166.59221954222892,Female
174.149999279977,Female
153.7476173580714,Female
166.29243700972614,Female
166.81917955973896,Female
170.47276010244119,Female
156.34134502385342,Female
155.75680370841008,Female
168.65359095931828,Female
167.0788927126323,Female
166.75344995242114,Female
167.42513746647882,Female
160.23982694895057,Female
166.62577588012704,Female
167.05150731309078,Female
159.99954007381544,Female
178.0604215780133,Female
168.3168304463825,Female
156.66087551958145,Female
169.5958752604368,Female
158.17722830840876,Female
170.50959222619716,Female
173.11016905305183,Female
159.25522377153803,Female
171.74363290471024,Female
167.88946648855548,Female
170.75442111996142,Female
178.27755087857764,Female
163.2822831879799,Female
159.72384684949756,Female
158.77339899262134,Female
159.28932800524194,Female
164.46028803410127,Female
167.3880638237165,Female
166.93683559531013,Female
170.79028274325216,Female
165.09101324314534,Female
175.17473854010123,Female
163.14740216733432,Female
184.04118416612732,Female
169.37967143435503,Female
158.99989710508603,Female
157.5037525135722,Female
168.3773069067023,Female
163.43576050271903,Female
169.99800345864463,Female
168.3126633720148,Female
164.4901976114019,Female
159.07244397352116,Female
154.39606942719894,Female
161.87439533553086,Female
170.9947915602643,Female
166.49865620891143,Female
156.2798285490161,Female
166.21226648095828,Female
167.69722165810185,Female
158.81299794659208,Female
166.0760757416187,Female
165.407461029122,Female
156.99920791518565,Female
167.50451152243798,Female
168.92549168457765,Female
172.58135870222694,Female
172.37661436424432,Female
155.35631442430036,Female
158.43522472059414,Female
168.60524687046063,Female
168.59650165638547,Female
168.60533380414233,Female
191.96912043458303,Female
168.99623357485217,Female
172.94895948126418,Female
171.6780123444524,Female
169.5597387591406,Female
162.7931152875176,Female
170.31278454345286,Female
159.590223498237,Female
163.34226975281993,Female
161.6024551651963,Female
165.57311897570426,Female
181.20260996671456,Female
151.92914365185777,Female
169.8038213326216,Female
153.71098890167244,Female
161.69647693947397,Female
172.62265417877157,Female
165.44996013366824,Female
157.45578655449486,Female
159.99287403518022,Female
169.75718424254273,Female
159.88743357798003,Female
166.51521012707383,Female
165.3190028793267,Female
160.4387975667593,Female
180.00760862527727,Female
169.4374331562261,Female
150.82400189339674,Female
166.305180203386,Female
160.36749474662128,Female
170.96703334357358,Female
159.4523548309711,Female
164.1968449097317,Female
168.53491095286319,Female
171.06028635919085,Female
156.59792515060957,Female
162.65849134911335,Female
161.6753828218733,Female
160.426695371984,Female
177.35817968196767,Female
167.83487197672667,Female
156.17381231965467,Female
171.42503362938342,Female
179.85509337908843,Female
172.22725682385803,Female
154.3644102383219,Female
161.61036148993625,Female
173.86837804430635,Female
160.04631374066852,Female
168.1067359970236,Female
170.42243837400537,Female
158.51148669895343,Female
164.5833225075674,Female
142.3111286195165,Female
157.82928651065998,Female
163.23202294024787,Female
156.26551772624606,Female
176.42687912752146,Female
154.98901035427556,Female
161.91968859312112,Female
165.91518404100265,Female
175.0889130234628,Female
154.94896494174392,Female
173.1421462650847,Female
165.0716314271371,Female
158.12943944266434,Female
168.23472431984288,Female
166.39341786901429,Female
160.79848185988843,Female
165.48861459493014,Female
162.30280482196767,Female
165.79462141675873,Female
169.63491472164733,Female
176.10211771301746,Female
156.33529150821207,Female
179.93123362259388,Female
151.33538540334249,Female
163.9375043347509,Female
169.11822044539204,Female
166.96694307414523,Female
160.64110336125583,Female
163.54314424749907,Female
161.54899345738818,Female
160.87444670139053,Female
170.94721467914718,Female
167.49910840175534,Female
160.14963283317542,Female
171.29719912803276,Female
167.15109664613627,Female
170.6900348318727,Female
169.40740189346528,Female
159.1970349235455,Female
161.0787327186212,Female
170.23105523586284,Female
169.27259185803425,Female
164.85368884225096,Female
165.82129168316146,Female
173.94365427051898,Female
160.85900027814918,Female
168.82968166819026,Female
163.58465143296274,Female
163.47623157740946,Female
172.69143796391032,Female
170.7779144429162,Female
170.69456745200446,Female
174.1383516500803,Female
165.1470268914293,Female
169.77367079906475,Female
162.8281327038458,Female
167.2691644674191,Female
164.0889986194262,Female
165.67897175494903,Female
169.1660991780584,Female
159.2724552173657,Female
179.64671092979822,Female
157.95787832950208,Female
156.50067971048588,Female
173.10677611450046,Female
170.54163885774057,Female
169.36883871936507,Female
169.39841856484995,Female
164.9142725900716,Female
158.71921939959918,Female
165.53063190735608,Female
160.25986801941522,Female
171.82583813392426,Female
163.97059832948503,Female
159.22151962245243,Female
162.75029910842903,Female
167.89052017992938,Female
161.05392813037219,Female
159.24445723103497,Female
166.70581048044338,Female
166.71476599776105,Female
161.4513977724021,Female
161.70273186067175,Female
166.62434956150346,Female
154.86340960951873,Female
155.14775357936412,Female
159.97089045123295,Female
163.50586993801707,Female
167.17635295918603,Female
175.32749351864686,Female
171.00361736241413,Female
163.88043029025602,Female
164.86688654468117,Female
157.98229444753534,Female
164.87040804805326,Female
162.97938952755902,Female
167.25902992236664,Female
159.20938339513373,Female
168.6354255996882,Female
175.72917239101804,Female
164.238678960802,Female
167.81198205469258,Female
169.8310079419778,Female
162.19145669679915,Female
166.56864737267293,Female
165.08814680547258,Female
165.68373268984183,Female
159.58893151301174,Female
165.1715712198126,Female
168.48598803871815,Female
175.1580052545653,Female
171.71489578259644,Female
180.0722772025809,Female
159.62856705978365,Female
171.10624445704474,Female
166.28339404016847,Female
180.3286205325237,Female
159.34191200251394,Female
159.12194710473457,Female
160.80425148189184,Female
150.13272992983136,Female
161.31971484823467,Female
159.6860713691241,Female
166.05275650533346,Female
167.39229183044012,Female
178.13319587451122,Female
171.65296686730235,Female
160.96167441036317,Female
158.7110973005615,Female
168.44343420054554,Female
155.7583675508555,Female
177.82021136098047,Female
173.256080845049,Female
161.71577043526707,Female
153.00805829636386,Female
174.4771066191579,Female
164.1982210832317,Female
173.66471418381423,Female
153.83900638843943,Female
160.8043748393236,Female
165.0367058980273,Female
165.3288641563532,Female
161.8495416996453,Female
169.3599495264325,Female
157.52665699432183,Female
164.00334360485095,Female
165.8420694219833,Female
168.60107183841123,Female
169.98130414662222,Female
157.1275053571349,Female
154.26120080485063,Female
173.94373775328955,Female
167.32619808385715,Female
159.7605942441041,Female
175.85806382865766,Female
165.80972244005002,Female
173.25508028844678,Female
165.47262936987076,Female
179.42523547417392,Female
177.28738589710244,Female
163.25725096064647,Female
171.8009966566805,Female
169.51763164709604,Female
174.58042090272644,Female
158.24553577593926,Female
169.80236021998908,Female
172.40897140794712,Female
152.6888235950382,Female
156.71719041133957,Female
150.7253747556793,Female
163.1141521588881,Female
170.02279579057173,Female
175.5164993646722,Female
165.51866346293843,Female
176.40030881899904,Female
155.33928979249575,Female
153.07632292451393,Female
164.61116610772368,Female
167.68845814257514,Female
164.77113676334136,Female
150.52790529972086,Female
164.37615972341047,Female
155.86871349646603,Female
169.68770784181027,Female
167.56618772267794,Female
158.42084149570852,Female
161.40293157864315,Female
157.58550534677732,Female
164.5612463190878,Female
171.68599624350867,Female
158.0999176756512,Female
168.52832560862493,Female
161.2881966713929,Female
159.44989017416358,Female
164.25078748031808,Female
157.75330374306438,Female
161.12445486256973,Female
156.61485475187806,Female
178.75307593041472,Female
165.2468448638021,Female
160.1019214440519,Female
166.49785937513954,Female
164.21370365216418,Female
163.45321280326743,Female
169.299166900304,Female
170.30255397033113,Female
161.28649196672632,Female
160.96927231548725,Female
163.0746381199385,Female
148.88655184685092,Female
154.39366256461014,Female
174.56811987211168,Female
176.51477399450897,Female
163.25674772310535,Female
169.03589874139035,Female
167.17875108180476,Female
186.55216565918667,Female
172.83702438004204,Female
164.10457685963465,Female
158.31121691579702,Female
153.754875758197,Female
166.42424545107056,Female
159.70554478300988,Female
155.0442240328163,Female
160.47398981030233,Female
157.42916397469924,Female
176.80999144550796,Female
171.17147829864615,Female
164.94419151078367,Female
175.35960897223018,Female
165.54157815353332,Female
158.97101059070215,Female
175.6618685408876,Female
168.7723703057926,Female
157.7392769197148,Female
163.66762925341473,Female
158.8706722263067,Female
155.32040188324964,Female
171.4832428327215,Female
178.3659164832909,Female
155.210026983266,Female
168.94078465683398,Female
160.4455020161472,Female
161.59012231364713,Female
160.85324253032792,Female
158.9520646122413,Female
165.3396513956138,Female
159.18334918512272,Female
166.89319778045888,Female
164.64833323385605,Female
163.32736367193513,Female
158.6470543657088,Female
160.96260068602166,Female
170.28773858078029,Female
168.50642031337065,Female
158.15711328641015,Female
165.6953261380046,Female
170.25970986360252,Female
153.3141630321504,Female
168.80352134665955,Female
160.36163368737908,Female
168.99419068015212,Female
159.65718590420238,Female
152.36582529534837,Female
153.60720293481785,Female
165.33659462662968,Female
166.81805751205036,Female
158.66978362426914,Female
169.47014721144163,Female
153.36935956411727,Female
164.53744140946878,Female
156.5228866016628,Female
160.4371472453849,Female
165.3317906992149,Female
158.97710644301233,Female
162.30811119039123,Female
172.04404966450107,Female
160.96175691333795,Female
170.849844784456,Female
157.09205201739667,Female
168.70862924540697,Female
175.0909803446053,Female
147.69848849910898,Female
159.42173321170665,Female
169.03950489026377,Female
163.57868229769906,Female
167.59802111359917,Female
160.77210369298925,Female
165.6061285123103,Female
163.91025935225545,Female
173.17447443161865,Female
166.7809459031085,Female
167.36321863452642,Female
162.11686123714273,Female
161.58675643149255,Female
161.97209268526265,Female
167.7611649966481,Female
162.05310863425817,Female
167.0284239982749,Female
179.52780559051808,Female
171.09787292402186,Female
162.71783527482512,Female
173.40849745514763,Female
162.14347238884915,Female
150.733128253755,Female
157.94339582357816,Female
151.904456552819,Female
162.53940561171083,Female
165.12892865432687,Female
176.73506118592698,Female
167.28849161634915,Female
163.46629629833794,Female
170.80583906828443,Female
149.5220528369448,Female
166.64930190675997,Female
170.39605635720878,Female
154.6498962795411,Female
173.0062783024485,Female
167.3694748524609,Female
162.0929846026944,Female
169.429473062744,Female
180.89485000463077,Female
166.27306378540948,Female
166.73754410410234,Female
161.78447370321828,Female
159.05108941374647,Female
170.8123507158097,Female
159.00741321863794,Female
165.50096366053575,Female
161.6563978726442,Female
168.35285878022475,Female
167.33563473700863,Female
172.2627796098053,Female
161.42988520801677,Female
163.1108754529464,Female
158.14865398952384,Female
161.8899471794672,Female
167.64110345131397,Female
170.29892031651747,Female
158.5448427307566,Female
171.08724144073963,Female
174.48946501163465,Female
167.89404432256592,Female
178.13757068790648,Female
159.583475606275,Female
156.28741707682008,Female
152.54895825767005,Female
175.47231018042427,Female
169.58055959447842,Female
164.61090730362682,Female
166.95978038423874,Female
157.12157666891136,Female
182.12026385731778,Female
165.9045482738266,Female
165.76576356223424,Female
170.08036636729085,Female
168.367064622157,Female
166.5671881699539,Female
159.46667881188282,Female
168.30027849995196,Female
178.17417147532524,Female
174.41794032308485,Female
176.15230638647577,Female
161.4214902649817,Female
158.07276625818994,Female
164.11949155930247,Female
165.39007438602087,Female
172.65934062929665,Female
153.15274759199627,Female
175.7068522362243,Female
163.89394470994708,Female
162.01183251036807,Female
157.91526937317883,Female
153.4160032969396,Female
170.7621940877334,Female
165.51322577031883,Female
155.97027370181263,Female
155.9344485955547,Female
162.6495071049691,Female
176.68315067702576,Female
163.18286054045475,Female
154.47799932817327,Female
163.2797985513984,Female
163.0909350117663,Female
146.121793499409,Female
164.61993593437532,Female
163.38345828853926,Female
169.87344455369393,Female
177.94269266461743,Female
172.8859552068343,Female
163.11777916611618,Female
157.25431863880831,Female
183.01351862274902,Female
165.41452903810142,Female
165.0975050433906,Female
164.83112439022997,Female
166.38659332537497,Female
163.9894771165324,Female
160.98436595183836,Female
161.17198741131725,Female
164.77072710848802,Female
161.19602660206365,Female
160.01007952125985,Female
165.7450115938433,Female
163.215159478054,Female
175.5279509200788,Female
146.4432113412489,Female
172.64054796345724,Female
173.7225963474834,Female
150.48626837314296,Female
162.60118684143757,Female
162.39991393802947,Female
155.14741813697526,Female
159.55528318686387,Female
157.2259690817392,Female
177.26589310396537,Female
171.54974875203223,Female
173.9008856649591,Female
170.05170444830264,Female
157.0966376014794,Female
161.32835813604157,Female
168.42562192859543,Female
156.4451053377564,Female
169.99098901120672,Female
163.31772221289305,Female
162.3762543471528,Female
169.97671977742445,Female
168.10984318040227,Female
162.47323683926643,Female
173.11530862354974,Female
157.4325567068007,Female
169.31154924860985,Female
169.1517088057787,Female
162.83317492480208,Female
167.28293115569483,Female
156.24220496530288,Female
171.4681891344483,Female
163.70568504489907,Female
161.34093885636673,Female
172.34306458085823,Female
160.0695941662007,Female
155.1407709254551,Female
154.1035957853327,Female
169.24206965941949,Female
156.03699453252602,Female
177.28355927389055,Female
150.42649414481394,Female
176.87519457803026,Female
166.47712227041833,Female
164.32300821690725,Female
161.18556639233736,Female
167.7939528004645,Female
164.73655708302607,Female
172.72311317411564,Female
165.79959354063428,Female
166.05211233023314,Female
162.454714514503,Female
164.60138063395252,Female
167.1546123822444,Female
153.02882125140363,Female
155.56270204526,Female
170.202848658159,Female
166.1960580668956,Female
163.71211664553124,Female
165.12903753145775,Female
167.4330719375317,Female
161.22168223783447,Female
159.55186692218382,Female
166.37091678568376,Female
158.15139055669476,Female
167.8577692900013,Female
153.08191477033512,Female
172.2040894612795,Female
168.3081823768913,Female
166.79220814019712,Female
171.8788368876186,Female
176.65832111123802,Female
172.1005904551269,Female
152.1138803806785,Female
156.04296123285008,Female
160.62626995613024,Female
165.18263735147585,Female
168.62361314328385,Female
159.91979330792574,Female
166.30736735133954,Female
159.71231947352675,Female
160.71937537905637,Female
155.15337232206244,Female
158.53736727722367,Female
155.53820776068568,Female
158.16888722915866,Female
172.37549257625489,Female
158.3542077781764,Female
183.42667445386172,Female
168.45322530616622,Female
166.29385286586412,Female
158.9914955387315,Female
169.90216915586294,Female
160.97053521633558,Female
165.85406870251754,Female
182.92059176788155,Female
164.32758070192745,Female
173.04491328399973,Female
160.07776502411878,Female
164.75508056652126,Female
177.39560444944857,Female
160.61123059548564,Female
177.6871399059785,Female
169.95426354818832,Female
161.06273256874013,Female
169.42685417338865,Female
171.80788114738712,Female
169.35266973552038,Female
154.0084269607668,Female
159.91003976922593,Female
163.26736955113947,Female
164.47896599629968,Female
169.34470468285474,Female
166.24390700653277,Female
155.65258948902928,Female
167.66138495704175,Female
169.27410021698677,Female
168.91853313551727,Female
172.56546507888234,Female
170.83745508184234,Female
168.21426055459906,Female
164.50884001978946,Female
153.37327346538805,Female
168.0073275339281,Female
166.45381381014178,Female
166.9010518603676,Female
156.06275996925783,Female
157.43260421714217,Female
172.37206997333033,Female
164.7231139230034,Female
169.77050488160836,Female
165.19822863291324,Female
165.2082929764702,Female
171.567986641832,Female
161.38768690247838,Female
165.67284543858688,Female
161.7640729790647,Female
161.95852640797378,Female
162.83579513571954,Female
166.55493640143598,Female
161.64875964835565,Female
173.79029287901466,Female
158.73774888446349,Female
163.6918984908705,Female
161.92188259208078,Female
175.12884519047614,Female
166.37588343558102,Female
172.22291177628045,Female
154.6010773887412,Female
166.86935186108482,Female
171.22741556936407,Female
165.57598792492797,Female
172.45836262545745,Female
161.3789808492974,Female
174.86543208129905,Female
181.09228686533476,Female
162.46013007692238,Female
161.8814823501946,Female
175.1736913398239,Female
176.05700502011499,Female
161.33997980992712,Female
162.058692280329,Female
163.02750773797644,Female
155.58884642276007,Female
158.5694363746106,Female
157.97101463273552,Female
159.6254170442711,Female
164.75720578829254,Female
166.63950312775563,Female
175.85350344969854,Female
158.01152171482846,Female
171.8902567893361,Female
163.50207809042143,Female
164.65375403243297,Female
169.72373644516622,Female
157.1409458490639,Female
167.67686822328835,Female
166.16516545749138,Female
168.44715884805706,Female
167.0241805073547,Female
182.18710097937625,Female
160.5358201102408,Female
161.28302131498728,Female
160.63801631502665,Female
161.11166016587822,Female
160.53829010885437,Female
173.32311571775287,Female
174.943529735929,Female
161.00477594375366,Female
159.1735109882704,Female
168.29990889470483,Female
161.1344386900332,Female
169.43052272428858,Female
166.4204611459591,Female
154.38979119501937,Female
175.83253640931042,Female
177.57114371166864,Female
160.7104791666093,Female
162.2860890804481,Female
167.00105773507434,Female
167.34119752990918,Female
169.60980990870982,Female
179.07143177136444,Female
163.76136940754165,Female
159.41191928823082,Female
155.34476540389832,Female
159.88348972040657,Female
164.76811118988343,Female
177.56190504462452,Female
161.3767209067468,Female
166.5665156614723,Female
164.88503972749075,Female
173.31875291413658,Female
182.68852698111536,Female
161.28391858955774,Female
161.57392390237246,Female
172.3091261394835,Female
169.77324042738417,Female
177.92695128015222,Female
169.08749729728174,Female
162.4849553644906,Female
169.13458381484617,Female
172.76092506408037,Female
170.74337526838156,Female
168.55091821775108,Female
172.46672282712407,Female
173.1850691331197,Female
174.6751129372627,Female
169.5409692131275,Female
163.830173437782,Female
166.02699580503327,Female
173.4455627655585,Female
159.28145030308934,Female
167.5807131621103,Female
162.24662831370847,Female
165.2012137605437,Female
173.9491630382511,Female
166.33769347613932,Female
165.32505583709303,Female
155.48100701314056,Female
170.22377496219053,Female
169.51838926798752,Female
180.1427830631382,Female
162.845552355329,Female
166.53405229364756,Female
166.7456857859753,Female
176.0421729583443,Female
164.33293127329134,Female
166.95315068039238,Female
169.25527556801578,Female
166.3062638620945,Female
161.8749646981463,Female
166.35862995028816,Female
172.5154222490184,Female
157.81439290412257,Female
165.93078771902813,Female
160.0991542954258,Female
173.3653264024739,Female
154.33769166651356,Female
161.0875470690989,Female
167.64048312545165,Female
175.9586682046404,Female
164.53974817248908,Female
161.11360331314762,Female
178.16809948608415,Female
154.8639026970863,Female
149.60835830365943,Female
168.08010115037334,Female
161.48562042953174,Female
157.851370280085,Female
169.95849513109548,Female
166.7066049963984,Female
161.0514495848429,Female
156.03786920930375,Female
171.107201297961,Female
169.55140824571063,Female
164.30576895354432,Female
177.92645897233365,Female
157.50940663571694,Female
154.32132380352684,Female
160.1566435108313,Female
164.6808978855115,Female
166.70337614525883,Female
163.31134759500569,Female
167.46438777560007,Female
156.2392240306669,Female
175.1063522285128,Female
164.42494175125202,Female
172.8210708211169,Female
167.39907742464393,Female
168.1972725340765,Female
168.98837096162544,Female
168.1339599201212,Female
169.4990593190728,Female
174.30406771092703,Female
166.3756481879103,Female
169.9630263031196,Female
164.37185013998942,Female
175.0808205081463,Female
160.2652538855851,Female
177.6065830303757,Female
164.7188943454896,Female
154.98457428517366,Female
165.89673090437552,Female
160.23263839767583,Female
170.88450484292107,Female
160.43163214488325,Female
161.87671596749655,Female
151.77321488338129,Female
161.83385576525646,Female
148.0328447135973,Female
153.91268023559994,Female
170.32290259301007,Female
170.50060111055583,Female
167.97820293249475,Female
158.23116699809552,Female
164.66602050700615,Female
164.97478222636602,Female
156.8914471756522,Female
175.52378811237006,Female
171.1415360340297,Female
163.45325078319235,Female
165.18820087296172,Female
166.45867965563286,Female
150.70785592102996,Female
163.2697583223558,Female
160.2261102640154,Female
157.9886599307356,Female
163.0322979497983,Female
177.58380568794666,Female
169.48590002886908,Female
161.0017470715204,Female
169.0080794694931,Female
189.19484349268802,Male
185.39706946330216,Male
178.4770429593614,Male
172.82450577835542,Male
183.5857865089087,Male
181.14788308337398,Male
185.16154576022186,Male
183.08137441345576,Male
186.3964217225547,Male
173.71811830751545,Male
188.5391525250746,Male
179.5807968375392,Male
194.60208698100212,Male
172.48649745528346,Male
191.88771042532198,Male
179.58328626770117,Male
172.7886559710844,Male
174.1289133275654,Male
175.43722153444543,Male
181.39332757121534,Male
182.182683904284,Male
173.41039996849136,Male
177.80516326191213,Male
195.1381628688949,Male
191.8203453608057,Male
181.49058935739225,Male
178.3040278253456,Male
178.9602506137461,Male
182.90814378184334,Male
169.81765947841276,Male
175.94098770061325,Male
164.65132740897928,Male
181.19378498084222,Male
183.17756751762192,Male
174.134508301605,Male
190.59189410632027,Male
168.19387469598126,Male
166.28500095832143,Male
179.7956145484798,Male
186.37678642089725,Male
191.47142153166294,Male
174.3289258970485,Male
186.62944666745037,Male
177.69193224399433,Male
176.61898160047343,Male
185.06927949989338,Male
183.21858302730735,Male
165.38886274412602,Male
189.81232279780716,Male
189.04073083317962,Male
172.99549838792376,Male
181.16642826749927,Male
181.9522414902619,Male
180.08539012659125,Male
173.59755876923663,Male
172.6270130564956,Male
177.79556743206842,Male
187.3818321540749,Male
182.34880123675546,Male
175.03508534331115,Male
184.17358968518676,Male
155.21165903495938,Male
187.19012560297682,Male
164.0822897697752,Male
175.10047246877494,Male
169.04264084299086,Male
167.64254819423275,Male
187.28661429902814,Male
174.25839038950488,Male
180.77203105384572,Male
177.62463536896652,Male
181.81632661778497,Male
178.61457512848204,Male
167.73606220649145,Male
185.97013455557712,Male
174.0499473347095,Male
165.547344810722,Male
174.5750787122727,Male
190.0060783250745,Male
184.80177393690795,Male
175.21078292473712,Male
175.20593836545257,Male
175.42691959026095,Male
194.61398386848674,Male
181.05548361785242,Male
181.44033317752854,Male
186.24226763225474,Male
179.9103132722121,Male
175.92766283343437,Male
176.42920120732018,Male
177.4271899246875,Male
177.70222210792127,Male
183.82103634909583,Male
178.4155670864584,Male
183.86112061772462,Male
177.35426735913134,Male
178.62908152252874,Male
162.01439452374314,Male
185.33062139761986,Male
180.77190780718394,Male
185.98408087887722,Male
154.82995697445048,Male
194.7069976382458,Male
176.8832829747586,Male
186.86546253390014,Male
169.68075258299575,Male
182.90219124050057,Male
169.57267549461076,Male
173.00984831443355,Male
193.3122508309343,Male
176.47454079389323,Male
179.7394629854378,Male
184.96054184551002,Male
181.96545510378084,Male
179.20335124114862,Male
180.9196880197298,Male
197.2273246819062,Male
177.53904962373133,Male
179.60879237371975,Male
186.4052351680609,Male
186.84420746366388,Male
187.49624244448304,Male
183.10984177623348,Male
168.85596069815614,Male
191.06745225840876,Male
168.8292368558505,Male
180.42108372191225,Male
171.96579319984514,Male
177.48689322725605,Male
180.63009928242784,Male
180.5708577236022,Male
181.37536603388227,Male
190.90969015246918,Male
181.62827441211184,Male
176.04674691767482,Male
185.71269734630687,Male
187.51576391139713,Male
168.17913747890407,Male
182.77920055879886,Male
183.6093819384872,Male
175.61949197312006,Male
189.00565450649296,Male
176.7995553037398,Male
179.00461162777233,Male
176.61542540572904,Male
178.12463238065175,Male
169.2297993048384,Male
166.47959293924563,Male
190.75604050579977,Male
171.22430921345338,Male
170.06886120434953,Male
160.7728790911703,Male
172.88830601848397,Male
167.41528165274002,Male
191.13612128109096,Male
186.07853671474106,Male
172.4947972385782,Male
196.01948644275447,Male
185.85412389593276,Male
175.401348931931,Male
158.0047542810114,Male
196.32754058072592,Male
166.88342026589123,Male
164.83681002434486,Male
186.18056345607712,Male
197.5180192507142,Male
189.07418254808414,Male
182.51127296041886,Male
182.7580347333223,Male
184.82732447024247,Male
184.07142871829413,Male
180.249531391755,Male
178.833608831615,Male
177.49925497680383,Male
171.9682832890666,Male
175.7545993850658,Male
164.45634548643693,Male
177.213282985642,Male
170.09127114279266,Male
169.17128546227383,Male
179.43915320922784,Male
189.1360182907568,Male
185.3465328480185,Male
165.43599517101458,Male
170.0829749074373,Male
185.52616950390572,Male
170.14010085169352,Male
176.2029348000238,Male
182.4004167921964,Male
170.2532443610909,Male
178.8430040491677,Male
167.32779604065436,Male
173.1890588483903,Male
180.5582554731403,Male
165.25605013174663,Male
181.5237979036832,Male
177.84289760858655,Male
182.41991963533718,Male
179.79131307251728,Male
188.91312343979075,Male
179.00179602118325,Male
174.56475567099798,Male
178.97838002425826,Male
182.34638423229111,Male
178.39088056260564,Male
178.32473352963106,Male
172.38406649754594,Male
172.6967926595924,Male
166.77915782560245,Male
191.9966139454955,Male
168.04909411686972,Male
172.45675841763273,Male
172.25274187544642,Male
185.15939501555553,Male
175.64040257366378,Male
187.98193658138987,Male
172.61207500604905,Male
180.23195329779043,Male
171.31722357392195,Male
195.1611930221871,Male
168.4992126477639,Male
180.4785656818162,Male
183.0702150474568,Male
181.310392779612,Male
176.51769872897833,Male
176.9614344021326,Male
178.35049177583286,Male
176.82398398697208,Male
185.71103293435928,Male
195.6841840127308,Male
173.54006571993733,Male
167.04157616336738,Male
177.29374361318997,Male
198.63767470123454,Male
171.57060345624217,Male
191.11293444355255,Male
191.42160651261153,Male
173.57129406633604,Male
182.5518646334822,Male
191.0271729850283,Male
174.9669780721001,Male
176.3713571191811,Male
173.34655268841084,Male
169.88194615445707,Male
172.80577963947195,Male
168.20847786590195,Male
178.2726677460738,Male
171.84021415153086,Male
179.87028729432598,Male
165.55283483037098,Male
180.64704185771566,Male
184.6682316928714,Male
162.05011485942836,Male
180.99245255878057,Male
187.82135193978633,Male
168.32287185047036,Male
191.38057909470163,Male
181.35215207492837,Male
172.35990515393274,Male
177.55384737873834,Male
182.46661530017377,Male
178.6080431312993,Male
182.31004793957095,Male
170.63461125536506,Male
179.35488659228864,Male
166.69028402476016,Male
177.1101915092104,Male
170.76873886828167,Male
172.11576045928186,Male
187.8887454016835,Male
186.73048096475415,Male
182.8731049672574,Male
169.26149788261938,Male
175.4687324024416,Male
187.70478159983347,Male
179.13373530911923,Male
196.55463631985356,Male
181.14654271515496,Male
179.53639293192026,Male
175.52706828638,Male
179.06832723825826,Male
176.78024130895565,Male
183.6648694135087,Male
185.65361853435667,Male
171.7120843159364,Male
167.3501363715378,Male
163.31035701517362,Male
182.06393061530034,Male
169.173067150609,Male
160.77687525638015,Male
181.1086288362477,Male
197.9439961394623,Male
177.95143270768085,Male
184.70792619561314,Male
178.65463486838053,Male
177.20888277447085,Male
185.35261186390215,Male
175.6778036464908,Male
180.13913851257522,Male
180.5735824495681,Male
172.6552763708556,Male
185.93633879629218,Male
176.60032194643674,Male
171.95403872405726,Male
182.29207874856323,Male
170.8122561456717,Male
178.22544925895303,Male
177.92704802684636,Male
186.68716452665262,Male
181.79758586303961,Male
177.79978433003885,Male
184.5421303936023,Male
189.1216603921385,Male
182.4624824508149,Male
178.08282095874705,Male
167.50531014119872,Male
169.47909069539702,Male
175.55820236516266,Male
173.12390238272573,Male
176.50422957611644,Male
178.45319939917687,Male
182.23754203485385,Male
177.43600977552728,Male
181.8920131506096,Male
178.51579531848097,Male
162.19626746916902,Male
170.48531684944996,Male
176.84729955422708,Male
168.32244205727113,Male
182.79942983996963,Male
190.2460066587496,Male
187.75009481357853,Male
176.29245703255833,Male
189.9258090947996,Male
179.1893396576169,Male
175.30331223105568,Male
173.0927786916725,Male
175.58024250809498,Male
174.89458545167017,Male
179.3633297790039,Male
179.28459184839892,Male
178.02436816122733,Male
181.49550535797079,Male
187.52517019829074,Male
185.5964330835306,Male
166.12081625240077,Male
157.56863092078436,Male
185.4745592899142,Male
167.06497041267664,Male
176.20187678485854,Male
168.63909579152514,Male
163.58415649935984,Male
182.3317018256383,Male
184.07324128242118,Male
173.38791679418625,Male
157.27166166284073,Male
173.63004441398013,Male
181.1344320432204,Male
166.16870744980696,Male
179.46687935823326,Male
177.87752120661602,Male
182.6343319968087,Male
178.9566429473132,Male
170.21544847294754,Male
187.57257201331592,Male
176.73176341578423,Male
177.78156368392055,Male
170.53385632741444,Male
174.4537419904679,Male
170.9215782877848,Male
176.61643152061262,Male
191.69366784113873,Male
167.02479085654915,Male
165.09150881698608,Male
189.76936261994888,Male
176.32541058278508,Male
172.64741809072066,Male
186.31923749916862,Male
173.1550756821051,Male
192.6080777083755,Male
183.42340697071415,Male
174.09670873483438,Male
195.258465706124,Male
173.1542806159733,Male
183.93676297607445,Male
180.39434064325192,Male
188.41393031519038,Male
190.4920895738148,Male
178.25603319252613,Male
171.97265703723053,Male
181.67977714351292,Male
172.57827704198314,Male
194.10709798021298,Male
179.0922826486619,Male
175.07742758950312,Male
179.47744244691927,Male
167.22298968376242,Male
170.2270876919148,Male
187.6033112635554,Male
172.74484576822883,Male
169.62471213854448,Male
182.29322202021828,Male
187.48563323730397,Male
183.75162648532054,Male
185.96838148644653,Male
171.9456392914443,Male
166.62551466606524,Male
190.0106692156439,Male
175.41856128926293,Male
175.99333586835962,Male
188.62555313479245,Male
182.4498400752053,Male
181.64710217665285,Male
195.32001875920866,Male
172.85185415695886,Male
185.4227210246499,Male
178.4561049991767,Male
180.14873823090605,Male
190.22774741130024,Male
182.06268605031698,Male
182.30636863239707,Male
186.5800586984784,Male
175.08037816365692,Male
171.28632266128795,Male
169.64152644783172,Male
162.269147284992,Male
194.44965703952258,Male
169.17433307422652,Male
176.22997101131384,Male
175.78549360088863,Male
180.4592535824728,Male
184.52589770031437,Male
184.88378790687796,Male
173.3353804914485,Male
176.6630262897087,Male
180.26063960390638,Male
176.01047099053162,Male
190.85876460815993,Male
181.927799613106,Male
183.87902228839855,Male
183.3030501493393,Male
187.3877908598826,Male
179.44817246962967,Male
167.62534441635322,Male
181.19750361402114,Male
172.78914484966538,Male
173.77106654600195,Male
182.69091215004076,Male
187.90626457146908,Male
178.1701726138885,Male
180.4706641007917,Male
191.6177195570819,Male
179.92602543590854,Male
198.81346491344317,Male
182.52407716505235,Male
163.91389792675346,Male
184.02673296883626,Male
181.04926707906222,Male
188.31802203266196,Male
183.38545081015965,Male
176.8923521281298,Male
168.2056141096851,Male
176.3278139417118,Male
171.1958363663256,Male
173.35581240156222,Male
182.70862723536487,Male
191.35923603481126,Male
181.15737223858386,Male
168.4329355037185,Male
181.55682134576114,Male
187.5730518931652,Male
173.12173676544495,Male
176.92786266661665,Male
178.11750555783357,Male
171.72081349534207,Male
183.18624347075087,Male
177.03241481113776,Male
181.35625955125622,Male
170.90006257758318,Male
174.50033359741272,Male
183.77905086262217,Male
175.01733478326585,Male
191.81571080986726,Male
174.80291051508317,Male
179.79747780601508,Male
185.4607266549847,Male
166.65307413653574,Male
163.9135295041538,Male
165.79474948343923,Male
188.10067282741747,Male
173.58513483286043,Male
198.46559428534601,Male
173.4860192107409,Male
179.4764104255763,Male
190.33687962054302,Male
194.048743105273,Male
194.49202861309118,Male
187.66692984474514,Male
186.1925002064917,Male
182.74021559360946,Male
184.22688860933312,Male
173.59051426937174,Male
171.45440893262153,Male
177.97300434071238,Male
176.63852301980057,Male
174.3741756053818,Male
183.57109957965372,Male
185.6424416685641,Male
178.70725509033477,Male
189.8202406484421,Male
168.86648708693195,Male
176.45072432576225,Male
172.26542143517756,Male
163.06770706341553,Male
177.3385545132584,Male
177.02601993293374,Male
190.10759794593704,Male
183.04649347643823,Male
169.80650540536635,Male
192.8327405306735,Male
187.76826956420282,Male
182.65678162774893,Male
176.18812720920135,Male
170.32448610621216,Male
175.02234579143158,Male
186.7099889576335,Male
193.07669044747686,Male
190.3459482261775,Male
174.0892046257098,Male
169.0430605336879,Male
179.12708997528964,Male
163.85248507549719,Male
180.58534171347824,Male
176.81917930961066,Male
174.27170798505406,Male
165.24237546186563,Male
182.10880085255772,Male
173.73839328270472,Male
168.6406653143177,Male
155.0219022937468,Male
177.7798807595949,Male
192.17801277335795,Male
191.29007371638295,Male
174.34322994730982,Male
173.18230351710577,Male
181.75019404860018,Male
170.01291648649368,Male
180.41433519855573,Male
184.12864222707753,Male
187.81546579107447,Male
177.19876738816038,Male
176.37060999858429,Male
170.9761393059475,Male
171.3849571676811,Male
176.1881688647878,Male
180.93892405452942,Male
185.308677009866,Male
171.57456839455725,Male
189.94150855167618,Male
175.83101119165946,Male
177.8290616452125,Male
172.0223065668174,Male
158.60607791781646,Male
185.0723631708884,Male
183.89475117673948,Male
175.7493795430543,Male
178.53592573779898,Male
182.12751374163278,Male
165.49963314490765,Male
173.76757858122963,Male
184.3541174369746,Male
167.965684614646,Male
180.34846345733303,Male
167.14734556301275,Male
181.73143985946822,Male
177.71486814162014,Male
165.07894547275592,Male
187.31791483565738,Male
172.1232673856156,Male
171.51798050388496,Male
179.60455357784755,Male
187.18909879542971,Male
169.87342544817284,Male
178.49343879878379,Male
181.43053200264458,Male
183.54484485810517,Male
179.4115324422178,Male
175.0637772873334,Male
171.37927823481024,Male
178.689151064371,Male
169.42288790411516,Male
154.62919613204315,Male
181.49247843326134,Male
185.23147872868955,Male
159.09654051566528,Male
169.9221543623205,Male
182.95323408804157,Male
194.4599637576936,Male
178.16634966140327,Male
172.17597647016692,Male
176.53682847116127,Male
188.99901135318547,Male
172.8322865670037,Male
171.60646394679796,Male
174.13805182254373,Male
170.3733711339303,Male
178.98136252795837,Male
190.99742766775648,Male
180.58463418492823,Male
175.9811719829897,Male
175.66550984867564,Male
165.49447353042675,Male
185.06487821717727,Male
177.3773024238976,Male
176.55616069127498,Male
203.5448605427589,Male
180.39002326692548,Male
171.98567159923851,Male
174.58913923035564,Male
187.18756567357403,Male
178.90616328430212,Male
166.49377617346107,Male
185.35383147660164,Male
172.65484731568804,Male
192.98638220974036,Male
186.6403845257172,Male
174.42142483473,Male
188.2481308938809,Male
178.54284408421924,Male
184.82218940097775,Male
181.8778625383558,Male
171.229146760073,Male
172.8516013414603,Male
186.2396865406493,Male
175.32179734314767,Male
174.77081229406403,Male
170.35901936520517,Male
181.38879252474769,Male
194.50019935394516,Male
169.45973668596582,Male
178.19375565338206,Male
189.29776444332344,Male
177.36286887003428,Male
181.61897436999786,Male
169.50085177482495,Male
181.4264567776612,Male
176.50284587996362,Male
185.8858399654389,Male
187.499088412518,Male
198.71650913614891,Male
182.6370653857086,Male
180.60637053265734,Male
179.5550744126187,Male
175.1746696575145,Male
180.70787074769353,Male
175.63678871888777,Male
179.3476878101569,Male
188.54078028486367,Male
169.94765947776287,Male
187.11902848903236,Male
188.53692053871893,Male
177.05545178407138,Male
161.02516080793123,Male
173.13742410324454,Male
188.37595637248887,Male
177.81705550160893,Male
170.0055821416407,Male
173.96180063017425,Male
184.72496021203642,Male
182.37386854561103,Male
176.08854320664244,Male
175.0654047054825,Male
174.86593480764944,Male
170.62071852401198,Male
190.92300551575553,Male
175.42143624630927,Male
187.73726816660397,Male
190.1705284153796,Male
185.98648718518368,Male
174.5470374982556,Male
181.22984072269287,Male
177.80643514887268,Male
170.77038511415898,Male
180.59487425377282,Male
168.56768167072158,Male
187.50143510769252,Male
174.28306162161286,Male
179.6092772469827,Male
180.26630297236915,Male
175.9287602103674,Male
182.6935504118022,Male
174.20077074701982,Male
184.97037837965794,Male
167.232162558026,Male
179.0110366363713,Male
193.51143199246627,Male
169.9973494031554,Male
172.57804023580118,Male
182.1112627972713,Male
179.43665425551677,Male
180.80504079418847,Male
181.9134970411813,Male
183.07777174849417,Male
186.8775987356498,Male
181.2785492554281,Male
176.06993876305165,Male
183.38058960962184,Male
193.19905547916173,Male
176.9389300289394,Male
170.20376556263486,Male
186.85664535429578,Male
177.0369506883712,Male
160.61864363188772,Male
184.77937341720337,Male
173.71737451236862,Male
177.2757337415667,Male
180.6558426445521,Male
179.52399743823253,Male
183.67561453711232,Male
174.51610903544125,Male
182.10484638540865,Male
175.92362657932867,Male
183.9104838471,Male
182.92293987210442,Male
170.51649038364323,Male
186.68785692940025,Male
173.7122924390876,Male
184.46446238624915,Male
180.93829850721073,Male
192.70546941436098,Male
176.21227214102518,Male
175.2054656310544,Male
177.84464315289813,Male
175.5745617373258,Male
184.3995352155364,Male
165.0695151325073,Male
169.57054064682916,Male
169.45757662736645,Male
185.6024607357886,Male
191.6849069806554,Male
177.16440625170023,Male
176.64942621447992,Male
178.56041730490546,Male
187.29502642086553,Male
170.5811749264754,Male
179.90695186187827,Male
185.80158103825943,Male
182.00875335951875,Male
179.51665293278995,Male
186.00836874053712,Male
156.3741416560061,Male
183.42300255624727,Male
172.7673945349806,Male
163.35493682514834,Male
182.08962079619985,Male
188.98926836130366,Male
176.90041188297846,Male
185.6229963776235,Male
190.89822606390916,Male
188.5193156286724,Male
191.11971623497115,Male
183.93701992857513,Male
178.60346911121275,Male
165.18427350482264,Male
176.03150009496042,Male
171.25402723747047,Male
195.3675417399825,Male
176.5929135005413,Male
178.9856384542759,Male
182.41188300832374,Male
178.34881957097963,Male
191.560408323446,Male
173.01880510612438,Male
179.55685964189794,Male
172.06023531441562,Male
167.43981991023435,Male
173.10584727275773,Male
177.7037056236127,Male
174.5655822038619,Male
172.46063216100916,Male
166.74946029062534,Male
177.33515541897043,Male
165.96223700775198,Male
184.08044770951682,Male
178.65951802347604,Male
166.33958800428056,Male
175.52632738360109,Male
171.98274875527534,Male
180.55339608335345,Male
188.72360356818515,Male
162.99862024283405,Male
178.92020863317933,Male
176.7189376354669,Male
183.37072061160373,Male
179.70557302590151,Male
171.98424534608944,Male
175.44756851466707,Male
171.6317931455721,Male
186.60805710878878,Male
178.17049318937555,Male
193.20952548602406,Male
177.51471348948303,Male
172.3327458647163,Male
165.8902848590974,Male
163.57488258995244,Male
165.3269124559561,Male
180.13701320809187,Male
182.06980018583948,Male
165.35047438374292,Male
185.1603065126089,Male
174.1355115865325,Male
179.1743440958844,Male
190.8977650260434,Male
185.17471452692425,Male
175.85175481675333,Male
170.8704621966777,Male
160.78547678936556,Male
172.24677344606064,Male
176.31095808937843,Male
170.10256378279053,Male
176.94994426326156,Male
178.61481506367014,Male
176.20115214553536,Male
172.7999793534123,Male
179.34923737573382,Male
181.53552519655528,Male
169.27680738045723,Male
189.28745903797017,Male
177.2112949417259,Male
178.1507969835588,Male
183.66571538605245,Male
179.865729050108,Male
185.62509307130597,Male
180.2969933216146,Male
173.10050100287648,Male
180.89202820164883,Male
168.8501903414347,Male
178.8684776462122,Male
177.7341600748443,Male
176.33506514181968,Male
176.97169990848855,Male
162.9452076360189,Male
173.6102007380723,Male
178.7427592091289,Male
179.2788511359792,Male
169.77859887259234,Male
188.1256627269176,Male
171.07060121428398,Male
185.7556576042139,Male
181.41755489497348,Male
172.83018152124959,Male
192.2024871408761,Male
168.45090534594817,Male
185.35323338888,Male
186.00465854434384,Male
172.63503832738684,Male
189.13972240051464,Male
175.99962788320838,Male
180.30954903423887,Male
180.08257471016975,Male
176.92553006823562,Male
184.48646618527826,Male
184.3479097644177,Male
164.01174421409456,Male
188.4347219430252,Male
164.7000640957146,Male
186.26036963473325,Male
187.01364109462065,Male
169.27226855827843,Male
174.71348569636334,Male
169.15436265211252,Male
176.28063175769012,Male
175.53572572651407,Male
184.23728425815472,Male
188.48246996895688,Male
189.16547048631963,Male
173.50265578737358,Male
176.32622501004377,Male
164.5324944622324,Male
171.55303946803048,Male
185.71881306477965,Male
190.92466258838584,Male
168.1252090249606,Male
173.26028592677685,Male
177.7887539443286,Male
180.24128927055685,Male
171.52317184062684,Male
181.39248835571271,Male
174.20928522343266,Male
177.88438183297376,Male
182.3702739840296,Male
178.0513781584875,Male
174.50891287578744,Male
177.12312156859335,Male
177.29309632635733,Male
175.03991176094297,Male
175.92963149866318,Male
190.78917736403773,Male
182.4873555835299,Male
175.63615745576672,Male
183.57563523608587,Male
175.32944408195192,Male
187.38499710069314,Male
180.95713753758474,Male
177.14158284796616,Male
181.5817354064822,Male
165.432990783452,Male
168.98586024872156,Male
168.44859994880755,Male
179.14354475810964,Male
191.86011999588072,Male
195.85040116954104,Male
183.10440881152607,Male
182.00675579955566,Male
163.5915381267781,Male
173.65860960212783,Male
171.69772998473408,Male
173.03321921399106,Male
176.6548494513217,Male
174.22327537842298,Male
162.1656015169937,Male
183.98328204894028,Male
169.41805579408154,Male
179.9139749128892,Male
194.5926613579998,Male
170.64492326730863,Male
157.75769981802935,Male
175.71196622495913,Male
186.80767707998857,Male
193.66677963376475,Male
168.16360324438065,Male
181.97359378589218,Male
174.27751634575958,Male
177.1524131655669,Male
199.15474677613628,Male
165.97623737283877,Male
180.0299172919566,Male
181.74154537412346,Male
186.6862905995148,Male
178.78386522776717,Male
180.4644043160328,Male
174.86681146062568,Male
180.15301552996087,Male
175.2544617960207,Male
182.9725751188484,Male
175.04311731165092,Male
181.0168031512175,Male
177.76589749052016,Male
187.00840200617733,Male
177.5888502112921,Male
163.81574025434495,Male
188.09537200571194,Male
170.75414159309904,Male
172.76986929080945,Male
173.23470964765207,Male
188.99550474536653,Male
160.91460628817043,Male
203.10198826927996,Male
186.44845447252843,Male
179.78591131303327,Male
177.5608479950697,Male
180.28443259886126,Male
182.1689794270347,Male
183.16172468760047,Male
182.44483572802758,Male
178.716645450042,Male
176.4212926375414,Male
176.7898137307719,Male
176.44073375717855,Male
187.0701607749365,Male
182.7484537782469,Male
154.47689092268575,Male
183.2472062122381,Male
179.5578895577502,Male
177.85032994843283,Male
174.89185237528892,Male
186.9929017598881,Male
185.58021169698287,Male
171.81697865741114,Male
181.2564182969963,Male
170.2267461236697,Male
166.96305468168856,Male
172.9862622032803,Male
184.89914777906208,Male
185.6250003630087,Male
182.10468336077835,Male
183.80076629478398,Male
182.12942629691966,Male
172.86814723821638,Male
181.45538035739153,Male
184.40327620182146,Male
184.0343306385086,Male
187.51130697179715,Male
183.6664307776085,Male
180.81158566033267,Male
186.5612019065314,Male
177.78782992600753,Male
170.94500279017825,Male
176.6954642884499,Male
172.04077884154842,Male
